{
  "employees": [
    {
      "id": 1,
      "employee_name": "Anne",
      "employee_salary": 100,
      "employee_age": 50
    },
    {
      "id": 2,
      "employee_name": "Benny",
      "employee_salary": 1000,
      "employee_age": 500
    },
    {
      "id": 3,
      "employee_name": "New",
      "employee_salary": "Employee",
      "employee_age": "50"
    },
    {
      "id": 4,
      "employee_name": "hero",
      "employee_salary": "456",
      "employee_age": "5"
    },
    {
      "id": 5,
      "employee_name": "arun parker",
      "employee_salary": "6785",
      "employee_age": "45"
    }
  ]
}
