{
  "employees": [
    {
      "id": 2,
      "employee_name": "Maaz Ahmed",
      "employee_salary": "10000",
      "employee_age": "50"
    },
    {
      "id": 3,
      "employee_name": "Ravi",
      "employee_salary": "35000",
      "employee_age": "49"
    },
    {
      "id": 4,
      "employee_name": "Rohan Jain",
      "employee_salary": "23000",
      "employee_age": "50"
    },
    {
      "id": 5,
      "employee_name": "Zeeshan",
      "employee_salary": "15000",
      "employee_age": "22"
    },
    {
      "id": 6,
      "employee_name": "Sanjay",
      "employee_salary": "23000",
      "employee_age": "49"
    },
    {
      "id": 7,
      "employee_name": "Zeeshan",
      "employee_salary": "35000",
      "employee_age": "23"
    },
    {
      "id": 8,
      "employee_name": "Chiran",
      "employee_salary": "23000",
      "employee_age": "50"
    },
    {
      "id": 9,
      "employee_name": "taqhi",
      "employee_salary": "35000",
      "employee_age": "90"
    },
    {
      "id": 10,
      "employee_name": "Meer",
      "employee_salary": "30000",
      "employee_age": "67"
    },
    {
      "id": 11,
      "employee_name": "Aaaa",
      "employee_salary": "23000",
      "employee_age": "24"
    },
    {
      "id": 12,
      "employee_name": "Abhi",
      "employee_salary": "23000",
      "employee_age": "67"
    },
    {
      "id": 13,
      "employee_name": "Meer",
      "employee_salary": "23000",
      "employee_age": "49"
    },
    {
      "id": 1,
      "employee_name": "shariff",
      "employee_salary": "30000",
      "employee_age": "90"
    },
    {
      "id": 16,
      "employee_name": "Nadeem",
      "employee_salary": "30000",
      "employee_age": "46"
    }
  ]
}