{
  "movies": [
    {
      "id": 1,
      "movie_name": "Zero",
      "movie_category": "Fiction",
      "movie_rating": "3"
    },
    {
      "id": 2,
      "movie_name": "KGF",
      "movie_category": "Fiction",
      "movie_rating": "4"
    },
    {
      "id": 3,
      "movie_name": "Desi Boyz",
      "movie_category": "Drama",
      "movie_rating": "8"
    },
    {
      "id": 4,
      "movie_name": "Dhamaal",
      "movie_category": "Drama",
      "movie_rating": "6"
    },
    {
      "id": 5,
      "movie_name": "Chennai Express",
      "movie_category": "Drama",
      "movie_rating": "7"
    },
    {
      "id": 6,
      "movie_name": "Iron Man",
      "movie_category": "Action",
      "movie_rating": "10"
    },
    {
      "id": 7,
      "movie_name": "Avengers Endgame",
      "movie_category": "Action",
      "movie_rating": "9"
    },
    {
      "id": 8,
      "movie_name": "Conjuring",
      "movie_category": "Horror",
      "movie_rating": "7"
    },
    {
      "id": 9,
      "movie_name": "Annabelle",
      "movie_category": "Horror",
      "movie_rating": "8"
    },
    {
      "id": 10,
      "movie_name": "Avatar",
      "movie_category": "Fiction",
      "movie_rating": "6"
    },
    {
      "id": 11,
      "movie_name": "Conjuring 2",
      "movie_category": "Horror",
      "movie_rating": "7.0"
    }
  ]
}