<?xml version="1.0" encoding="UTF-8"?>
<beans xmlns="http://www.springframework.org/schema/beans"
    xmlns:xsi="http://www.w3.org/2001/XMLSchema-instance"
    xsi:schemaLocation="
        http://www.springframework.org/schema/beans http://www.springframework.org/schema/beans/spring-beans.xsd">

    <!-- bean definitions here -->
    <bean id="employee" class="com.cg.l1.bean.Employee" scope="prototype"> 
	    <property name="id" value="1002"></property>				 
	    <property name="name" value="Anuja"></property>			
	    <property name="salary" value="15000.0"></property>				 <!-- Setter injection -->
	    <property name="bu" ref="buObj"></property>
	    <property name="age" value="23"></property>		
	</bean>
	
	<bean name="buObj" class="com.cg.l1.bean.SBU">
		<property name="sbuId" value="1"></property>
		<property name="sbuName" value="FS-BU"></property>
		<property name="sbuHead" value="ABC"></property>
	</bean>
	

	
	<bean id="emp" class="com.cg.l1.bean1.Employee" scope="prototype">
		<constructor-arg name="id" value="1001"></constructor-arg>			<!-- Constructor injection -->
		<constructor-arg name="name" value="anuja"></constructor-arg>
		<constructor-arg name="bu" value="FS-BU"></constructor-arg>
		<constructor-arg name="salary" value="15000"></constructor-arg>
		<constructor-arg name="age" value="23"></constructor-arg>
	</bean>
	
	<bean id="emp1" class="com.cg.l1.bean1.Employee" scope="prototype">
		<constructor-arg index="0"><value>1002</value></constructor-arg>
		<constructor-arg index="1"><value>Ritesh</value></constructor-arg>		<!-- Constructor injection with index -->
		<constructor-arg index="2"><value>25000</value></constructor-arg>
		<constructor-arg index="3"><value>FS-BU</value></constructor-arg>
		<constructor-arg index="4"><value>20</value></constructor-arg>
	</bean>
	<bean id="emp2" class="com.cg.l1.bean1.Employee" scope="prototype">
		<constructor-arg type="int"><value>1003</value></constructor-arg>
		<constructor-arg type="String"><value>Kalpana</value></constructor-arg>		<!-- Constructor injection with type-->
		<constructor-arg type="double"><value>50000.0</value></constructor-arg>
		<constructor-arg type="String"><value>FS-BU</value></constructor-arg>
		<constructor-arg type="int"><value>45</value></constructor-arg>
	</bean>
	<bean id="emp3" class="com.cg.l1.bean1.Employee" scope="prototype">
		<constructor-arg name="id" value="1004"></constructor-arg>
		<constructor-arg name="name" value="ramchandra"></constructor-arg>		<!-- Constructor injection with autowiring -->
		<constructor-arg name="bu" value="FS-BU"></constructor-arg>
		<constructor-arg name="salary" value="45000"></constructor-arg>
		<constructor-arg name="age" value="50"></constructor-arg>
	</bean>
	<bean name="sbu" class="com.cg.l1.bean2.SBU" scope="prototype">
		<property name="sbuId" value="1"></property>
		<property name="sbuName" value="FS-BU"></property>
		<property name="sbuHead" value="ABC"></property>
		<property name="list">
			<list>
				<ref bean="emp"></ref>
				<ref bean="emp1"></ref>
				<ref bean="emp2"></ref>
				<ref bean="emp3"></ref>
			</list>
		</property>
	</bean>
	<!-- <bean id="course2" class="com.cg.spring.bean.Course"> 
	<constructor-arg name="id" value="1002"></constructor-arg>      Constructor injection
	    <constructor-arg name="name" value="JPA with Hibernate"></constructor-arg>
	</bean>
 -->
	
</beans>