{
  "products": [
    {
      "id": 1,
      "name": "redmi7pro",
      "merchant": "Flipkart",
      "dispatched_date": "02-04-2018",
      "dispatched_time": "03:45 PM",
      "delivery_date": "05-04-2018",
      "delivery_time": "09:30 AM",
      "category": "Mobiles",
      "shipped": "Product Dispatched",
      "customer": "Zabi",
      "customer_mobile": "9901827645",
      "customer_address": "#1876, Bangalore",
      "out_for_delivery": "Yes"
    },
    {
      "id": 2,
      "name": "redmi7pro",
      "merchant": "Amazon",
      "dispatched_date": "05-06-2019",
      "dispatched_time": "04:23 PM",
      "delivery_date": "06-08-2019",
      "delivery_time": "05:30 AM",
      "category": "Mobiles",
      "shipped": "Product Dispatched",
      "customer": "Abhishek",
      "customer_mobile": "9901887654",
      "customer_address": "#886, Hyderabad",
      "out_for_delivery": "Yes"
    },
    {
      "id": 3,
      "name": "DELL Laptop",
      "merchant": "Flipkart",
      "dispatched_date": "02-04-2018",
      "dispatched_time": "03:45 PM",
      "delivery_date": "05-04-2018",
      "delivery_time": "09:30 AM",
      "category": "Machines",
      "shipped": "Product Dispatched",
      "customer": "Rohan",
      "customer_mobile": "9902345645",
      "customer_address": "#134, Mysore",
      "out_for_delivery": "Yes"
    },
    {
      "id": 4,
      "name": "Hp Laptop",
      "merchant": "Amazon",
      "dispatched_date": "06-04-2016",
      "dispatched_time": "02:34 PM",
      "delivery_date": "08-04-2016",
      "delivery_time": "08:34 AM",
      "category": "Machines",
      "shipped": "Product Not Dispatched",
      "customer": "Sanjay",
      "customer_mobile": "7751827645",
      "customer_address": "#18, Pune",
      "out_for_delivery": "No"
    },
    {
      "id": 5,
      "name": "Levis Trousers",
      "merchant": "Myntra",
      "dispatched_date": "06-02-2013",
      "dispatched_time": "04:20 PM",
      "delivery_date": "07-03-2013",
      "delivery_time": "10:45 PM",
      "category": "Clothes",
      "shipped": "Product Dispatched",
      "customer": "Zabi",
      "customer_mobile": "9901827645",
      "customer_address": "#1876, Bangalore",
      "out_for_delivery": "Yes"
    },
    {
      "id": 6,
      "name": "Peter England Jeans",
      "merchant": "Amazon",
      "dispatched_date": "05-07-2019",
      "dispatched_time": "02:40 AM",
      "delivery_date": "05-04-2018",
      "delivery_time": "11:30 AM",
      "category": "Clothes",
      "shipped": "Product Dispatched",
      "customer": "Shreyas",
      "customer_mobile": "8876827645",
      "customer_address": "#111, Mumbai",
      "out_for_delivery": "Yes"
    },
    {
      "id": 7,
      "name": "One plus 7 Pro",
      "merchant": "Amazon",
      "dispatched_date": "02-04-2016",
      "dispatched_time": "09:34 AM",
      "delivery_date": "08-04-2016",
      "delivery_time": "12:45 PM",
      "category": "Mobiles",
      "shipped": "Product Dispatched",
      "customer": "Ravi",
      "customer_mobile": "7412589632",
      "customer_address": "#244, Noida",
      "out_for_delivery": "Yes"
    }
  ]
}